<?xml version="1.0" encoding="UTF-8"?>
<project-private xmlns="http://www.netbeans.org/ns/project-private/1">
    <editor-bookmarks xmlns="http://www.netbeans.org/ns/editor-bookmarks/2" lastBookmarkId="0"/>
    <open-files xmlns="http://www.netbeans.org/ns/projectui-open-files/2">
        <group>
            <file>file:/D:/Task/04/330-JUNIT/Chat-Server-Client-Application-aniket32-testing/legit_chat_server/test/server_frameTest.java</file>
            <file>file:/D:/Task/04/330-JUNIT/Chat-Server-Client-Application-aniket32-testing/legit_chat_server/src/legit_chat_server/server_frame.java</file>
            <file>file:/D:/Task/04/330-JUNIT/Chat-Server-Client-Application-aniket32-testing/legit_chat_server/src/legit_chat_server/clientCommand.txt</file>
            <file>file:/D:/Task/04/330-JUNIT/Chat-Server-Client-Application-aniket32-testing/legit_chat_server/src/legit_chat_server/adminCommand.txt</file>
        </group>
    </open-files>
</project-private>
